{
 "epoch_values": [
  1,
  2,
  3,
  4,
  5,
  6,
  7,
  8,
  9,
  10,
  11,
  12,
  13,
  14,
  15,
  16,
  17,
  18,
  19,
  20,
  21,
  22,
  23,
  24,
  25,
  26,
  27,
  28,
  29,
  30
 ],
 "train_losses_history": [
  0.2573869351545967,
  0.22708821722865097,
  0.21818157579501476,
  0.21608115461468738,
  0.2085906289617219,
  0.20493834932645122,
  0.20221518832445112,
  0.19781880507866514,
  0.19795345233877493,
  0.19799850243329992,
  0.19697441294789284,
  0.19585715061426165,
  0.19409465583165456,
  0.1924047576288381,
  0.19278428105513262,
  0.19422083839774149,
  0.19190864953398687,
  0.19148482068379716,
  0.19122390760978078,
  0.18897383093833922,
  0.18908659755190213,
  0.1891082358161609,
  0.18799788070718432,
  0.18798529002070413,
  0.1887779746452966,
  0.18794737186034524,
  0.9999376718997953,
  0.9999375757773696,
  0.9999375754594808,
  0.9999375747442245
 ],
 "val_losses_history": [
  0.25784011455376926,
  0.22772829441229483,
  0.21885077838102968,
  0.21695911113421107,
  0.20922268617153164,
  0.20559344828128814,
  0.20287857158978764,
  0.1986033087968825,
  0.19861707170804332,
  0.1987192238966625,
  0.19780143598715477,
  0.19669943642616247,
  0.19484056842327113,
  0.1932712123791375,
  0.19368248844146746,
  0.19521440442403173,
  0.19279507100582116,
  0.19238012842337268,
  0.1921718436479569,
  0.1898993538220723,
  0.19000350964069362,
  0.1900369935830434,
  0.188986221988996,
  0.18897223178545638,
  0.18971101180712385,
  0.1888954874277115,
  1.000503414154053,
  1.000503414154053,
  1.000503414154053,
  1.000503414154053
 ]
}