{
 "epoch_values": [
  1,
  2,
  3,
  4,
  5,
  6,
  7,
  8,
  9,
  10,
  11,
  12,
  13,
  14,
  15,
  16,
  17,
  18,
  19,
  20,
  21,
  22,
  23,
  24,
  25,
  26,
  27,
  28,
  29,
  30
 ],
 "train_losses_history": [
  0.5154097362359362,
  0.5048955968817075,
  0.4989277379115426,
  0.49463073647022204,
  0.4922360107302664,
  0.4898974797924357,
  0.4891074050863581,
  0.48755794320503915,
  0.48692709626754116,
  0.48649823170900386,
  0.4863553028901412,
  0.486271283109983,
  0.4850915648539863,
  0.48491173505783,
  0.484578980048498,
  0.4840359130104392,
  0.4832347617546719,
  0.4833295598228771,
  0.4838447630206748,
  0.48335519069433247,
  0.483361530502637,
  0.48262455193201637,
  0.4829446269273756,
  0.4836951224009194,
  0.4835066651900611,
  0.48275415436426816,
  0.4822738859653479,
  0.48157003764311473,
  0.482098409851392,
  0.4825780575474107
 ],
 "val_losses_history": [
  0.5163709427515667,
  0.5059949645996092,
  0.5001084918975833,
  0.4957763653596244,
  0.4934680707454689,
  0.49103568704923,
  0.4902186128298444,
  0.48869049930572506,
  0.48793881328900635,
  0.48755300585428885,
  0.487401760180791,
  0.4872572032610576,
  0.4860777382055917,
  0.4858921356995898,
  0.48556064677238486,
  0.4850493686199187,
  0.48426542552312174,
  0.4843274851640063,
  0.48482897329330443,
  0.4843277899424238,
  0.4843302841186526,
  0.4836198728879296,
  0.483933666149775,
  0.48460376803080274,
  0.484471231063207,
  0.4836769882837933,
  0.4832531173229216,
  0.48255659977595006,
  0.4831390922864274,
  0.4835935652256014
 ]
}