{
 "train_loss": 0.9999375744263331,
 "test_loss": 1.0155455833435063,
 "val_loss": 1.000503414154053
}