{
 "epoch_values": [
  1,
  2
 ],
 "train_losses_history": [
  0.5875957531134286,
  0.5465780571897827
 ],
 "val_losses_history": [
  0.5882147394816077,
  0.5475307508309685
 ]
}