{
 "epoch_values": [
  1,
  2
 ],
 "train_losses_history": [
  0.6067743373711897,
  0.574533479332924
 ],
 "val_losses_history": [
  0.6077931114832559,
  0.5756422147750849
 ]
}