{
 "train_loss": 0.4825780587395031,
 "test_loss": 0.48948036870956446,
 "val_loss": 0.4835935652256014
}