{
 "train_loss": 0.15295309330026297,
 "test_loss": 0.15264565603733063,
 "val_loss": 0.1530323323408762
}