{
 "epoch_values": [
  1,
  2,
  3,
  4,
  5,
  6,
  7,
  8,
  9,
  10,
  11,
  12,
  13,
  14,
  15,
  16,
  17,
  18,
  19,
  20,
  21,
  22,
  23,
  24,
  25,
  26,
  27,
  28,
  29,
  30
 ],
 "train_losses_history": [
  0.29766686397790915,
  0.291208139032126,
  0.2880001033047828,
  0.28496620640158643,
  0.28358380407095,
  0.28140511163075743,
  0.2802001516123613,
  0.28011528235673944,
  0.2783465994993848,
  0.2790360830326873,
  0.2786595155199369,
  0.2775827543834844,
  0.27867233880360937,
  0.2776789764861266,
  0.27745753781994187,
  0.2774508591194948,
  0.27773541043202055,
  0.2779605931937697,
  0.27705612942576396,
  0.276921777178844,
  0.2772545601427558,
  0.276891202121973,
  0.27687015859285946,
  0.27690802973508827,
  0.2763703228731954,
  0.27699118747313767,
  0.27669616210460674,
  0.27741907167434715,
  0.27663188407818473,
  0.2767047496835393
 ],
 "val_losses_history": [
  0.2980653410752612,
  0.2917774079243341,
  0.2884379734198253,
  0.28527216382821385,
  0.2837086844841641,
  0.2814384179910026,
  0.2801070843140282,
  0.2800149565537769,
  0.27819624022642764,
  0.2788696658611295,
  0.2784847253163655,
  0.2773935557603835,
  0.27850203410784397,
  0.2774466602007548,
  0.27722849933306354,
  0.2772354371150334,
  0.2775134948492052,
  0.2777193166414896,
  0.27682431920369477,
  0.2766521972815194,
  0.2770206205447511,
  0.2766070812145869,
  0.2765986473162969,
  0.2766671742200851,
  0.27608994325002034,
  0.27674932634830485,
  0.2764441599845884,
  0.27720534861087787,
  0.2763709518909455,
  0.2764521481990816
 ]
}