{
 "epoch_values": [
  1,
  2
 ],
 "train_losses_history": [
  3.2075883345242313,
  2.0676706305589607
 ],
 "train_metrics_history": [
  0.22689598013862658,
  0.4533775383957778
 ],
 "val_losses_history": [
  3.7456922647670563,
  2.9737599526146967
 ],
 "val_metrics_history": [
  0.1391880690508276,
  0.2692626344337874
 ]
}