{
 "epoch_values": [
  1,
  2
 ],
 "train_losses_history": [
  2.892465923121989,
  2.2865505277789384
 ],
 "train_metrics_history": [
  0.30687940330659497,
  0.4013675922829729
 ],
 "val_losses_history": [
  3.4423069491698506,
  3.3023614733300133
 ],
 "val_metrics_history": [
  0.20961060426209516,
  0.23363711639880738
 ]
}