{
 "epoch_values": [
  1,
  2
 ],
 "train_losses_history": [
  3.3721966731612527,
  2.0544774879126737
 ],
 "train_metrics_history": [
  0.20244508913158135,
  0.4651885619931236
 ],
 "val_losses_history": [
  3.88429981909612,
  3.0654123283756007
 ],
 "val_metrics_history": [
  0.14250207115227065,
  0.24606462294589218
 ]
}