{
 "epoch_values": [
  1,
  2
 ],
 "train_losses_history": [
  2.866325388199751,
  2.3102295060796063
 ],
 "train_metrics_history": [
  0.304807293911569,
  0.43265644429730915
 ],
 "val_losses_history": [
  3.401214501239489,
  3.3292882719016204
 ],
 "val_metrics_history": [
  0.19221209556284086,
  0.2377796184700584
 ]
}