{
 "epoch_values": [
  1,
  2
 ],
 "train_losses_history": [
  3.6130755826046594,
  2.2133423844363938
 ],
 "train_metrics_history": [
  0.18462494822814163,
  0.41276419398649283
 ],
 "val_losses_history": [
  4.037430812627102,
  3.2174563297281202
 ],
 "val_metrics_history": [
  0.11516155759312441,
  0.24026511993503014
 ]
}