{
 "train_loss": 0.1951390384733678,
 "test_loss": 0.19449656629562373,
 "val_loss": 0.19574627506732933
}