{
 "train_loss": 0.23530344582597423,
 "test_loss": 0.23441380636692044,
 "val_loss": 0.23537961483001718
}