{
 "train_loss": 0.2767047499318917,
 "test_loss": 0.27552591876983645,
 "val_loss": 0.2764521481990816
}