{
 "train_loss": 2.3102295305834635,
 "train_metrics": 0.43265644428495864,
 "val_loss": 3.3292882719016204,
 "val_metrics": 0.2377796184700584,
 "test_loss": 2.5194105637868236,
 "test_metrics": 0.401666667620341
}