{
 "train_loss": 2.0676705933091455,
 "train_metrics": 0.45337753839577793,
 "val_loss": 2.9737599526146967,
 "val_metrics": 0.2692626344337874,
 "test_loss": 2.2915597626368207,
 "test_metrics": 0.4056666666666667
}