{
 "train_loss": 2.2133424396688794,
 "train_metrics": 0.41276419399884345,
 "val_loss": 3.2174563297281202,
 "val_metrics": 0.24026511993503014,
 "test_loss": 2.4285028088887533,
 "test_metrics": 0.37133333381017064
}