{
 "train_loss": 2.2865505040655285,
 "train_metrics": 0.4013675922582715,
 "val_loss": 3.3023614733300133,
 "val_metrics": 0.23363711639880738,
 "test_loss": 2.4966871299743647,
 "test_metrics": 0.3693333335717519
}