{
 "train_loss": 2.0544774830711856,
 "train_metrics": 0.46518856210428045,
 "val_loss": 3.0654123283756007,
 "val_metrics": 0.24606462294589218,
 "test_loss": 2.3009691219329844,
 "test_metrics": 0.4143333336512248
}