{
 "train_loss": 0.2515804649194086,
 "test_loss": 0.24976981501579296,
 "val_loss": 0.25153434562683114
}