{
 "train_loss": 0.5745334787766142,
 "test_loss": 0.5792779812812805,
 "val_loss": 0.5756422147750849
}