{
 "train_loss": 0.5465780557990072,
 "test_loss": 0.5522567840576169,
 "val_loss": 0.5475307508309685
}