{
 "epoch_values": [
  1,
  2,
  3,
  4,
  5,
  6,
  7,
  8,
  9,
  10,
  11,
  12,
  13,
  14,
  15,
  16,
  17,
  18,
  19,
  20,
  21,
  22,
  23,
  24,
  25,
  26,
  27,
  28,
  29,
  30
 ],
 "train_losses_history": [
  0.25649967075387614,
  0.2535788770119349,
  0.2540822275082271,
  0.2543501873413724,
  0.25287237932284645,
  0.25272197469075536,
  0.2532081786096096,
  0.25239781911174475,
  0.25445085936784767,
  0.2542225658992925,
  0.25235035333037364,
  0.2524542475640771,
  0.25243115769823377,
  0.25233997791012147,
  0.25225292320052767,
  0.2521268959542117,
  0.25304261712233245,
  0.25209329053759594,
  0.2521682196756206,
  0.25172626944383003,
  0.25226661126812333,
  0.252532211313645,
  0.2521950264374417,
  0.25141665840148913,
  0.2518444881240528,
  0.2519731744031111,
  0.25206581753492363,
  0.2520311083396276,
  0.25144160294532775,
  0.2515804643531639
 ],
 "val_losses_history": [
  0.2565030906597771,
  0.25350044242541,
  0.2540129103660585,
  0.2543078620433809,
  0.25279147088527665,
  0.2526445581118265,
  0.2531501949628193,
  0.2523351456721624,
  0.25442332033316295,
  0.2542295113404593,
  0.2523061935901641,
  0.2524238702456158,
  0.2523890101512274,
  0.252299839615822,
  0.2521958827177684,
  0.2520704861879351,
  0.253015915989876,
  0.2520522252321245,
  0.2521183951695759,
  0.2516719513336817,
  0.2522120502789817,
  0.2524797648191452,
  0.25217151045799246,
  0.2513705979983012,
  0.2517764890988668,
  0.2519205722808838,
  0.2520452347596484,
  0.25198987559477476,
  0.25138650910059607,
  0.25153434562683114
 ]
}