{
 "epoch_values": [
  1,
  2
 ],
 "train_losses_history": [
  0.24891012890140207,
  0.23530344622333857
 ],
 "val_losses_history": [
  0.24906949154535948,
  0.23537961483001718
 ]
}