{
 "epoch_values": [
  1,
  2
 ],
 "train_losses_history": [
  0.21687067773938193,
  0.19513903823494883
 ],
 "val_losses_history": [
  0.21743100535869608,
  0.19574627506732933
 ]
}