{
 "epoch_values": [
  1,
  2,
  3,
  4,
  5,
  6,
  7,
  8,
  9,
  10,
  11,
  12,
  13,
  14,
  15,
  16,
  17,
  18,
  19,
  20,
  21,
  22,
  23,
  24,
  25,
  26,
  27,
  28,
  29,
  30,
  31,
  32,
  33,
  34,
  35,
  36,
  37,
  38,
  39,
  40,
  41,
  42,
  43,
  44,
  45,
  46,
  47,
  48,
  49,
  50
 ],
 "train_losses_history": [
  0.21478896554311114,
  0.19300487763682997,
  0.1832116023798783,
  0.1765215086440244,
  0.17170976206660254,
  0.16863011024395638,
  0.16616047327717168,
  0.16499932448069218,
  0.16262157796819984,
  0.16152831544478757,
  0.1604146265288195,
  0.15956874700387322,
  0.1588524900178115,
  0.15801883893211688,
  0.1578407559096811,
  0.15690226731697712,
  0.1567644730508327,
  0.1563155504167081,
  0.1562120801508425,
  0.15574315485358256,
  0.1555300669868787,
  0.1555078220665454,
  0.15519465684890746,
  0.1547851971487205,
  0.15491126772761335,
  0.15441524168848988,
  0.1542867164313791,
  0.15408645758032807,
  0.15425644845763825,
  0.1540084365308288,
  0.15393387982249282,
  0.15380980428059904,
  0.1537641643087067,
  0.15372122995058685,
  0.15349387061595918,
  0.15344302713870975,
  0.1534590693116187,
  0.15344053872426355,
  0.15334878281752273,
  0.15345066548387215,
  0.1530643593668934,
  0.15310202756524088,
  0.15306504068772003,
  0.15291143811742464,
  0.15308879862229047,
  0.15315273897846554,
  0.1529122841159505,
  0.1530737774868809,
  0.15296119604508063,
  0.15295309316118544
 ],
 "val_losses_history": [
  0.21528239675362898,
  0.19361977827549004,
  0.1839059770504633,
  0.1771898336013158,
  0.17239530177911117,
  0.16927205713589985,
  0.16679515067736303,
  0.16557713635762528,
  0.16316248937447872,
  0.16203818225860592,
  0.16093078776200598,
  0.16004865193367018,
  0.15930435685316718,
  0.15845920546849562,
  0.15826572696367897,
  0.15729690559705103,
  0.15714391462008165,
  0.15667635420958195,
  0.15655901459852842,
  0.15608466227849324,
  0.15583710463841752,
  0.15582772016525273,
  0.1554884904225668,
  0.15505587768554685,
  0.1551775373220444,
  0.15466106677055344,
  0.15452234200636547,
  0.15431064192454025,
  0.15446855135758714,
  0.15420732728640252,
  0.1541402819156646,
  0.1540058121283848,
  0.1539570414225261,
  0.1538937943379085,
  0.1536704122225443,
  0.15361377386252079,
  0.15361785149574275,
  0.15358457279205326,
  0.15349029680093143,
  0.15359791139761617,
  0.1531955535809199,
  0.15322253410021477,
  0.1531905146042507,
  0.1530234200557073,
  0.15319795020421342,
  0.1532654347419738,
  0.1530096842845282,
  0.1531726096073786,
  0.15305869023005167,
  0.1530323323408762
 ]
}